{
  "parent": "item/generated",
  "textures": { "layer0": "minecraft:item/prismarine_shard" },
  "overrides": [
    { "predicate": { "custom_model_data": 1001 }, "model": "item/coin_1cc" },
    { "predicate": { "custom_model_data": 1002 }, "model": "item/coin_5cc" },
    { "predicate": { "custom_model_data": 1003 }, "model": "item/coin_10cc" },
    { "predicate": { "custom_model_data": 1004 }, "model": "item/coin_50cc" },
    { "predicate": { "custom_model_data": 2001 }, "model": "item/coin_1gc" }
  ]
}